<beans xmlns="http://www.springframework.org/schema/beans"
		xmlns:xsi="http://www.w3.org/2001/XMLSchema-instance"
        xmlns:p="http://www.springframework.org/schema/p"
		xsi:schemaLocation="
			http://www.springframework.org/schema/beans	http://www.springframework.org/schema/beans/spring-beans-2.5.xsd">

	<!-- Configuration for in-memory h2 database. -->

	<bean id="hibernateProperties" class="org.springframework.beans.factory.config.PropertiesFactoryBean">
		<property name="properties">
			<props>
				<prop key="hibernate.dialect">org.hibernate.dialect.H2Dialect</prop>
				<prop key="hibernate.hbm2ddl.auto">update</prop>
			</props>
		</property>
	</bean>

	<bean id="dataSource" class="org.springframework.jdbc.datasource.DriverManagerDataSource">
		<property name="driverClassName" value="org.h2.Driver" />
		<property name="url" value="jdbc:h2:file:${db.path}/${db.filename}" />
	</bean>
</beans>